{"initial_reset_timestamp": 1591376297.383595, "timestamps": [1591376300.644589], "episode_lengths": [42], "episode_rewards": [42.0], "episode_types": ["t"]}