{"initial_reset_timestamp": 1591403703.825621, "timestamps": [1591403707.429777], "episode_lengths": [39], "episode_rewards": [39.0], "episode_types": ["t"]}