{"initial_reset_timestamp": 1591377969.6875598, "timestamps": [1591377971.67846], "episode_lengths": [10], "episode_rewards": [10.0], "episode_types": ["t"]}